-9.6000,5.4500,0.7649,0.7649
-9.5500,5.4500,0.7566,0.7566
-9.5000,5.4500,0.7517,0.7517
-9.4500,5.4500,0.7500,0.7500
-9.4000,5.4500,0.7500,0.7500
-9.3500,5.4500,0.7500,0.7500
-9.3000,5.4500,0.7500,0.7500
-9.2500,5.4500,0.7500,0.7500
-9.2000,5.4500,0.7500,0.7500
-9.1500,5.4500,0.7500,0.7500
-9.1000,5.4500,0.7500,0.7500
-9.0500,5.4500,0.7500,0.7500
-9.0000,5.4500,0.7517,0.7517
-8.9500,5.4500,0.7566,0.7566
-8.9000,5.4500,0.7649,0.7649
-8.8500,5.4500,0.7762,0.7762
-8.8000,5.4500,0.7906,0.7906
-8.7500,5.4500,0.8000,0.8000
-8.7000,5.4500,0.8000,0.8000
-8.6500,5.4500,0.8000,0.8000
-8.6000,5.4500,0.8000,0.8000
-8.5500,5.4000,0.8000,0.8000
-8.5000,5.4000,0.8016,0.8016
-8.4500,5.4000,0.8062,0.8062
-8.4000,5.4000,0.8139,0.8139
-8.3500,5.4000,0.8246,0.8246
-8.3000,5.3500,0.7906,0.7906
-8.2500,5.3500,0.8078,0.8078
-8.2000,5.3500,0.8246,0.8246
-8.1500,5.3500,0.8139,0.8139
-8.1000,5.3500,0.8062,0.8062
-8.0500,5.3500,0.8016,0.8016
-8.0000,5.3500,0.8000,0.8000
-7.9500,5.3500,0.8000,0.8000
-7.9000,5.3500,0.8000,0.8000
-7.8500,5.3500,0.8000,0.8000
-7.8000,5.3500,0.8000,0.8000
-7.7500,5.3000,0.8062,0.8062
-7.7000,5.3000,0.8139,0.8139
-7.6500,5.3000,0.8246,0.8246
-7.6000,5.3000,0.8382,0.8382
-7.5500,5.3000,0.8500,0.8500
-7.5000,5.2500,0.8276,0.8276
-7.4500,5.2000,0.8062,0.8062
-7.4000,5.2000,0.8246,0.8246
-7.3500,5.1500,0.7906,0.7906
-7.3000,5.1500,0.8078,0.8078
-7.2500,5.1000,0.7826,0.7826
-7.2000,5.1000,0.8062,0.8062
-7.1500,5.0500,0.7762,0.7762
-7.1000,5.0500,0.7906,0.7906
-7.0500,5.0000,0.7616,0.7616
-7.0000,4.9500,0.7382,0.7382
-6.9500,4.9500,0.7632,0.7632
-6.9000,4.9000,0.7500,0.7500
-6.8500,4.9000,0.7810,0.7810
-6.8000,4.8500,0.7632,0.7632
-6.7500,4.8500,0.7632,0.7632
-6.7000,4.8000,0.7500,0.7500
-6.7000,4.7500,0.7433,0.7433
-6.6500,4.7000,0.7433,0.7433
-6.6000,4.6500,0.7382,0.7382
-6.5500,4.6500,0.7433,0.7433
-6.5000,4.6000,0.7500,0.7500
-6.4500,4.5500,0.7382,0.7382
-6.4000,4.5500,0.7382,0.7382
-6.3500,4.5500,0.7159,0.7159
-6.3000,4.5000,0.7433,0.7433
-6.2500,4.4500,0.7762,0.7762
-6.2000,4.4000,0.7810,0.7810
-6.1500,4.4000,0.7810,0.7810
-6.1000,4.3500,0.7906,0.7906
-6.0500,4.3000,0.7826,0.7826
-6.0000,4.2500,0.7632,0.7632
-5.9500,4.2000,0.7500,0.7500
-5.9000,4.2000,0.7810,0.7810
-5.8500,4.1500,0.7778,0.7778
-5.8000,4.1500,0.7632,0.7632
-5.7500,4.1000,0.7762,0.7762
-5.7000,4.0500,0.7433,0.7433
-5.6500,4.0000,0.7159,0.7159
-5.6000,4.0000,0.7382,0.7382
-5.5500,3.9500,0.7211,0.7211
-5.5000,3.9500,0.7500,0.7500
-5.4500,3.9500,0.7382,0.7382
-5.4000,3.9500,0.7159,0.7159
-5.3500,3.9000,0.7433,0.7433
-5.3000,3.8500,0.7762,0.7762
-5.2500,3.8000,0.7632,0.7632
-5.2000,3.8000,0.7762,0.7762
-5.1500,3.7500,0.7433,0.7433
-5.1000,3.7000,0.7159,0.7159
-5.0500,3.7000,0.7382,0.7382
-5.0000,3.7000,0.7382,0.7382
-4.9500,3.6500,0.7280,0.7280
-4.9000,3.6500,0.7433,0.7433
-4.8500,3.6500,0.7280,0.7280
-4.8000,3.6000,0.7382,0.7382
-4.7500,3.6000,0.7433,0.7433
-4.7000,3.6000,0.7280,0.7280
-4.6500,3.5500,0.7616,0.7616
-4.6000,3.5500,0.7433,0.7433
-4.5500,3.5000,0.7433,0.7433
-4.5000,3.5000,0.7616,0.7616
-4.4500,3.4500,0.7382,0.7382
-4.4000,3.4500,0.7500,0.7500
-4.3500,3.4500,0.7433,0.7433
-4.3000,3.4000,0.7071,0.7071
-4.2500,3.4000,0.7159,0.7159
-4.2000,3.4000,0.7280,0.7280
-4.1500,3.3500,0.6964,0.6964
-4.1000,3.3500,0.7159,0.7159
-4.0500,3.3500,0.7280,0.7280
-4.0000,3.3500,0.7159,0.7159
-3.9500,3.3000,0.7018,0.7018
-3.9000,3.3000,0.7071,0.7071
-3.8500,3.3000,0.7159,0.7159
-3.8000,3.3000,0.7159,0.7159
-3.7500,3.2500,0.6964,0.6964
-3.7000,3.2500,0.7159,0.7159
-3.6500,3.2500,0.7159,0.7159
-3.6000,3.2500,0.7071,0.7071
-3.5500,3.2500,0.7018,0.7018
-3.5000,3.2500,0.7000,0.7000
-3.4500,3.2500,0.7000,0.7000
-3.4000,3.2500,0.7000,0.7000
-3.3500,3.2500,0.7000,0.7000
-3.3000,3.2000,0.7500,0.7500
-3.2500,3.2000,0.7517,0.7517
-3.2000,3.2000,0.7566,0.7566
-3.1500,3.2000,0.7649,0.7649
-3.1000,3.2000,0.7762,0.7762
-3.0500,3.2000,0.7906,0.7906
-3.0000,3.2000,0.8000,0.8000
-2.9500,3.2000,0.8000,0.8000
-2.9000,3.2000,0.8000,0.8000
-2.8500,3.1500,0.8276,0.8276
-2.8000,3.1500,0.8500,0.8500
-2.7500,3.1500,0.8500,0.8500
-2.7000,3.2000,0.8000,0.8000
-2.6500,3.2000,0.8000,0.8000
-2.6000,3.2000,0.8016,0.8016
-2.5500,3.2500,0.7566,0.7566
-2.5000,3.2500,0.7649,0.7649
-2.4500,3.2500,0.7762,0.7762
-2.4000,3.2500,0.7906,0.7906
-2.3500,3.2500,0.8078,0.8078
-2.3000,3.2500,0.8276,0.8276
-2.2500,3.2500,0.8078,0.8078
-2.2000,3.3000,0.8062,0.8062
-2.1500,3.3000,0.8139,0.8139
-2.1000,3.3000,0.8139,0.8139
-2.0500,3.3500,0.7906,0.7906
-2.0000,3.3500,0.8062,0.8062
-1.9500,3.4000,0.7649,0.7649
-1.9000,3.4000,0.7762,0.7762
-1.8500,3.4000,0.7906,0.7906
-1.8000,3.4500,0.7616,0.7616
-1.7500,3.4500,0.7826,0.7826
-1.7000,3.4500,0.7906,0.7906
-1.6500,3.5000,0.7649,0.7649
-1.6000,3.5000,0.7762,0.7762
-1.5500,3.5500,0.7433,0.7433
-1.5000,3.5500,0.7616,0.7616
-1.4500,3.6000,0.7382,0.7382
-1.4000,3.6000,0.7632,0.7632
-1.3500,3.6500,0.7500,0.7500
-1.3000,3.6500,0.7500,0.7500
-1.2500,3.6500,0.7211,0.7211
-1.2000,3.7000,0.7382,0.7382
-1.1500,3.7500,0.7616,0.7616
-1.1000,3.8000,0.7649,0.7649
-1.0500,3.8500,0.7280,0.7280
-1.0000,3.8500,0.7433,0.7433
-0.9500,3.9000,0.7159,0.7159
-0.9000,3.9000,0.7382,0.7382
-0.8500,3.9000,0.7382,0.7382
-0.8000,3.9500,0.7500,0.7500
-0.7500,4.0000,0.7382,0.7382
-0.7000,4.0000,0.7382,0.7382
-0.6500,4.0500,0.7500,0.7500
-0.6000,4.1000,0.7433,0.7433
-0.5500,4.1500,0.7433,0.7433
-0.5000,4.1500,0.7500,0.7500
-0.4500,4.1500,0.7211,0.7211
-0.4000,4.2000,0.7382,0.7382
-0.3500,4.2000,0.7159,0.7159
-0.3000,4.2500,0.7433,0.7433
-0.2500,4.2500,0.7280,0.7280
-0.2000,4.2500,0.7159,0.7159
-0.1500,4.3000,0.7566,0.7566
-0.1000,4.3000,0.7433,0.7433
-0.0500,4.3000,0.7280,0.7280
0.0000,4.3000,0.7159,0.7159
0.0500,4.3000,0.7071,0.7071
0.1000,4.3000,0.7018,0.7018
0.1500,4.3500,0.7500,0.7500
0.2000,4.3500,0.7500,0.7500
0.2500,4.3500,0.7500,0.7500
0.3000,4.3500,0.7500,0.7500
0.3500,4.4000,0.8000,0.8000
0.4000,4.4000,0.8000,0.8000
0.4500,4.4000,0.8000,0.8000
0.5000,4.4000,0.8000,0.8000
0.5500,4.4500,0.8500,0.8500
0.6000,4.4500,0.8515,0.8515
0.6500,4.4500,0.8559,0.8559
0.7000,4.4500,0.8631,0.8631
0.7500,4.5000,0.9220,0.9220
0.8000,4.5000,0.9341,0.9341
0.8500,4.5000,0.9487,0.9487
0.9000,4.5000,0.9657,0.9657
0.9500,4.5000,0.9849,0.9849
1.0000,4.5000,1.0000,1.0000
1.0500,4.5000,0.9962,0.9962
1.1000,4.5000,0.9823,0.9823
1.1500,4.5000,0.9708,0.9708
1.2000,4.5000,0.9618,0.9618
1.2500,4.5000,0.9552,0.9552
1.3000,4.5000,0.9513,0.9513
1.3500,4.4500,1.0000,1.0000
1.4000,4.4500,1.0012,1.0012
1.4500,4.4500,1.0050,1.0050
1.5000,4.4000,1.0607,1.0607
1.5500,4.4000,1.0607,1.0607
1.6000,4.4000,1.0548,1.0548
1.6500,4.4000,1.0440,1.0440
1.7000,4.4000,1.0308,1.0308
1.7500,4.3500,1.0689,1.0689
1.8000,4.3000,1.0308,1.0308
1.8500,4.2500,0.9708,0.9708
1.8500,4.2000,0.9618,0.9618
1.8500,4.1500,0.9552,0.9552
1.8500,4.1000,0.9513,0.9513
1.8500,4.0500,0.9500,0.9500
1.8500,4.0000,0.9500,0.9500
1.8500,3.9500,0.9500,0.9500
1.8500,3.9000,0.9500,0.9500
1.8500,3.8500,0.9500,0.9500
1.8500,3.8000,0.9500,0.9500
1.8500,3.7500,0.9500,0.9500
1.8500,3.7000,0.9487,0.9487
1.8500,3.6500,0.9341,0.9341
1.8500,3.6000,0.9220,0.9220
1.8500,3.5500,0.9124,0.9124
1.8500,3.5000,0.9055,0.9055
1.8500,3.4500,0.9014,0.9014
1.8500,3.4000,0.9000,0.9000
1.8500,3.3500,0.9000,0.9000
1.8500,3.3000,0.9000,0.9000
1.8500,3.2500,0.9000,0.9000
1.8500,3.2000,0.9000,0.9000
1.8500,3.1500,0.9000,0.9000
1.8500,3.1000,0.9000,0.9000
1.8500,3.0500,0.9000,0.9000
1.8500,3.0000,0.9000,0.9000
1.9000,2.9500,0.9500,0.9500
1.9000,2.9000,0.9500,0.9500
1.9000,2.8500,0.9500,0.9500
1.9000,2.8000,0.9500,0.9500
1.9500,2.7500,1.0000,1.0000
1.9500,2.7000,1.0000,1.0000
2.0000,2.6500,0.9962,0.9962
2.0500,2.6000,0.9657,0.9657
2.1000,2.5500,0.9394,0.9394
2.1500,2.5500,0.9500,0.9500
2.2000,2.5500,0.9500,0.9500
2.2500,2.5500,0.9500,0.9500
2.3000,2.5000,0.9000,0.9000
2.3500,2.5000,0.9000,0.9000
2.4000,2.4500,0.8500,0.8500
2.4500,2.4500,0.8500,0.8500
2.5000,2.4000,0.8000,0.8000
2.5500,2.4000,0.8000,0.8000
2.6000,2.4000,0.8000,0.8000
2.6500,2.4000,0.8016,0.8016
2.7000,2.4000,0.8062,0.8062
2.7500,2.4000,0.8139,0.8139
2.8000,2.4000,0.8246,0.8246
2.8500,2.4000,0.8382,0.8382
2.9000,2.4000,0.8544,0.8544
2.9500,2.4000,0.8631,0.8631
3.0000,2.4000,0.8559,0.8559
3.0500,2.4000,0.8515,0.8515
3.1000,2.4000,0.8500,0.8500
3.1500,2.4000,0.8500,0.8500
3.2000,2.4000,0.8515,0.8515
3.2500,2.4000,0.8559,0.8559
3.3000,2.4000,0.8631,0.8631
3.3500,2.4000,0.8732,0.8732
3.4000,2.4000,0.8860,0.8860
3.4500,2.3500,0.8500,0.8500
3.5000,2.3500,0.8500,0.8500
3.5500,2.4000,0.9000,0.9000
3.6000,2.4500,0.8500,0.8500
3.6500,2.4500,0.8500,0.8500
3.7000,2.4500,0.8500,0.8500
3.7500,2.5000,0.8000,0.8000
3.8000,2.5500,0.7500,0.7500
3.8500,2.5500,0.7500,0.7500
3.9000,2.5500,0.7500,0.7500
3.9500,2.6000,0.7018,0.7018
4.0000,2.6000,0.7071,0.7071
4.0500,2.6000,0.7159,0.7159
4.1000,2.6000,0.7280,0.7280
4.1500,2.6500,0.6964,0.6964
4.2000,2.6500,0.7159,0.7159
4.2500,2.6500,0.7382,0.7382
4.3000,2.6500,0.7500,0.7500
4.3500,2.6500,0.7211,0.7211
4.4000,2.7000,0.7382,0.7382
4.4500,2.7000,0.7159,0.7159
4.5000,2.7500,0.7433,0.7433
4.5500,2.8000,0.7159,0.7159
4.6000,2.8000,0.7382,0.7382
4.6500,2.8000,0.7382,0.7382
4.7000,2.8500,0.7159,0.7159
4.7500,2.8500,0.7211,0.7211
4.8000,2.8500,0.6946,0.6946
4.8500,2.9000,0.7159,0.7159
4.9000,2.9000,0.6964,0.6964
4.9500,2.9000,0.6801,0.6801
5.0000,2.9500,0.7159,0.7159
5.0500,2.9500,0.7071,0.7071
5.1000,2.9500,0.6946,0.6946
5.1500,3.0000,0.7159,0.7159
5.2000,3.0000,0.6964,0.6964
5.2500,3.0500,0.7159,0.7159
5.3000,3.0500,0.7159,0.7159
5.3500,3.0500,0.7071,0.7071
5.4000,3.1000,0.7159,0.7159
5.4500,3.1000,0.7159,0.7159
5.5000,3.1000,0.6964,0.6964
5.5500,3.1000,0.6801,0.6801
5.6000,3.1500,0.7159,0.7159
5.6500,3.1500,0.6964,0.6964
5.7000,3.2000,0.7280,0.7280
5.7500,3.2000,0.7159,0.7159
5.8000,3.2000,0.7071,0.7071
5.8500,3.2500,0.7382,0.7382
5.9000,3.2500,0.7159,0.7159
5.9500,3.3000,0.7433,0.7433
6.0000,3.3500,0.7159,0.7159
6.0500,3.3500,0.7382,0.7382
6.1000,3.3500,0.7382,0.7382
6.1500,3.3500,0.7159,0.7159
6.2000,3.4000,0.7280,0.7280
6.2500,3.4000,0.7280,0.7280
6.3000,3.4500,0.7159,0.7159
6.3500,3.4500,0.7382,0.7382
6.4000,3.4500,0.7382,0.7382
6.4500,3.4500,0.7159,0.7159
6.5000,3.4500,0.6964,0.6964
6.5500,3.4500,0.6801,0.6801
6.6000,3.4500,0.6671,0.6671
6.6500,3.5000,0.7071,0.7071
6.7000,3.5000,0.7018,0.7018
6.7500,3.5500,0.7500,0.7500
6.8000,3.5500,0.7500,0.7500
6.8500,3.5500,0.7500,0.7500
6.9000,3.6000,0.8000,0.8000
6.9500,3.6000,0.7826,0.7826
7.0000,3.6000,0.7616,0.7616
7.0500,3.6000,0.7433,0.7433
7.1000,3.6000,0.7280,0.7280
7.1500,3.6000,0.7159,0.7159
7.2000,3.6500,0.7566,0.7566
7.2500,3.6500,0.7517,0.7517
7.3000,3.6500,0.7500,0.7500
7.3500,3.6500,0.7500,0.7500
7.4000,3.7000,0.8000,0.8000
7.4500,3.7000,0.8000,0.8000
7.5000,3.7000,0.8000,0.8000
7.5500,3.7000,0.8000,0.8000
7.6000,3.7000,0.8000,0.8000
7.6500,3.7000,0.8000,0.8000
7.7000,3.7000,0.8000,0.8000
7.7500,3.7000,0.8000,0.8000
7.8000,3.7000,0.8016,0.8016
7.8500,3.7500,0.8559,0.8559
7.9000,3.7500,0.8631,0.8631
7.9500,3.7500,0.8732,0.8732
8.0000,3.7500,0.8860,0.8860
8.0500,3.8000,0.9487,0.9487
8.1000,3.8000,0.9657,0.9657
8.1500,3.8000,0.9618,0.9618
8.2000,3.8000,0.9552,0.9552
8.2500,3.8000,0.9513,0.9513
8.3000,3.8000,0.9500,0.9500
8.3500,3.8000,0.9500,0.9500
8.4000,3.8000,0.9500,0.9500
8.4500,3.8000,0.9500,0.9500
8.5000,3.8000,0.9500,0.9500
8.5500,3.7500,1.0000,1.0000
8.6000,3.7500,1.0000,1.0000
8.6500,3.7000,1.0500,1.0500
8.7000,3.7000,1.0000,1.0000
8.7500,3.6500,0.9500,0.9500
8.7500,3.6000,0.9500,0.9500
8.7500,3.5500,0.9500,0.9500
8.7500,3.5000,0.9500,0.9500
8.7500,3.4500,0.9500,0.9500
8.7500,3.4000,0.9500,0.9500
8.7500,3.3500,0.9500,0.9500
8.7500,3.3000,0.9500,0.9500
8.7500,3.2500,0.9500,0.9500
8.7500,3.2000,0.9500,0.9500
8.8000,3.1500,0.9000,0.9000
8.8000,3.1000,0.9000,0.9000
8.8000,3.0500,0.9000,0.9000
8.8000,3.0000,0.9000,0.9000
8.8000,2.9500,0.9000,0.9000
8.8000,2.9000,0.9000,0.9000
8.8000,2.8500,0.9000,0.9000
8.8000,2.8000,0.9000,0.9000
8.7500,2.7500,0.9192,0.9192
8.7500,2.7000,0.9014,0.9014
8.7000,2.6500,0.8382,0.8382
8.7000,2.6000,0.8246,0.8246
8.7000,2.5500,0.8139,0.8139
8.7000,2.5000,0.8062,0.8062
8.7000,2.4500,0.8016,0.8016
8.7000,2.4000,0.8000,0.8000
8.7000,2.3500,0.8000,0.8000
8.7000,2.3000,0.8000,0.8000
8.7000,2.2500,0.8000,0.8000
8.7000,2.2000,0.8000,0.8000
8.7000,2.1500,0.8000,0.8000
8.7000,2.1000,0.8000,0.8000
8.7000,2.0500,0.8000,0.8000
8.7000,2.0000,0.8000,0.8000
8.7000,1.9500,0.8000,0.8000
8.7000,1.9000,0.8000,0.8000
8.7000,1.8500,0.8000,0.8000
8.7000,1.8000,0.8000,0.8000
8.7000,1.7500,0.8000,0.8000
8.7000,1.7000,0.8000,0.8000
8.7000,1.6500,0.8000,0.8000
8.7000,1.6000,0.8000,0.8000
8.7000,1.5500,0.8000,0.8000
8.7000,1.5000,0.8000,0.8000
8.7000,1.4500,0.8000,0.8000
8.7000,1.4000,0.8000,0.8000
8.7000,1.3500,0.8016,0.8016
8.7000,1.3000,0.8062,0.8062
8.7000,1.2500,0.8139,0.8139
8.7000,1.2000,0.8246,0.8246
8.7000,1.1500,0.8382,0.8382
8.7000,1.1000,0.8500,0.8500
8.6500,1.0500,0.8276,0.8276
8.6500,1.0000,0.8500,0.8500
8.6500,0.9500,0.8746,0.8746
8.6500,0.9000,0.9000,0.9000
8.6500,0.8500,0.8944,0.8944
8.6500,0.8000,0.8732,0.8732
8.6000,0.7500,0.8944,0.8944
8.6000,0.7000,0.8732,0.8732
8.5500,0.6500,0.9014,0.9014
8.5500,0.6000,0.8860,0.8860
8.5500,0.5500,0.8732,0.8732
8.5500,0.5000,0.8631,0.8631
8.5500,0.4500,0.8559,0.8559
8.5500,0.4000,0.8515,0.8515
8.5500,0.3500,0.8500,0.8500
8.5500,0.3000,0.8500,0.8500
8.5000,0.2500,0.9000,0.9000
8.5000,0.2000,0.9000,0.9000
8.5000,0.1500,0.9000,0.9000
8.5000,0.1000,0.9000,0.9000
8.4500,0.0500,0.9513,0.9513
8.4500,0.0000,0.9513,0.9513
8.4000,-0.0500,1.0000,1.0000
8.4000,-0.1000,1.0000,1.0000
8.3500,-0.1500,1.0512,1.0512
8.3000,-0.2000,1.1000,1.1000
8.2500,-0.2500,1.0595,1.0595
8.2000,-0.2500,1.0440,1.0440
8.1500,-0.2500,1.0308,1.0308
8.1000,-0.2500,1.0198,1.0198
8.0500,-0.2500,1.0112,1.0112
8.0000,-0.3000,0.9552,0.9552
7.9500,-0.3000,0.9513,0.9513
7.9000,-0.3000,0.9500,0.9500
7.8500,-0.3000,0.9500,0.9500
7.8000,-0.3000,0.9500,0.9500
7.7500,-0.2500,1.0000,1.0000
7.7000,-0.2500,1.0012,1.0012
7.6500,-0.2500,1.0000,1.0000
7.6000,-0.2500,1.0000,1.0000
7.5500,-0.2500,1.0000,1.0000
7.5000,-0.2500,0.9849,0.9849
7.4500,-0.2500,0.9657,0.9657
7.4000,-0.2500,0.9487,0.9487
7.3500,-0.2500,0.9341,0.9341
7.3000,-0.2500,0.9220,0.9220
7.2500,-0.2500,0.9124,0.9124
7.2000,-0.2500,0.9055,0.9055
7.1500,-0.2500,0.9014,0.9014
7.1000,-0.2500,0.9000,0.9000
7.0500,-0.2500,0.9000,0.9000
7.0000,-0.2500,0.9000,0.9000
6.9500,-0.2500,0.9000,0.9000
6.9000,-0.2500,0.9000,0.9000
6.8500,-0.2500,0.9000,0.9000
6.8000,-0.2500,0.9000,0.9000
6.7500,-0.2500,0.9000,0.9000
6.7000,-0.2500,0.9000,0.9000
6.6500,-0.2500,0.9000,0.9000
6.6000,-0.2500,0.9000,0.9000
6.5500,-0.2500,0.9000,0.9000
6.5000,-0.2500,0.9000,0.9000
6.4500,-0.2500,0.9000,0.9000
6.4000,-0.2500,0.9000,0.9000
6.3500,-0.2500,0.9000,0.9000
6.3000,-0.2500,0.9000,0.9000
6.2500,-0.2500,0.9000,0.9000
6.2000,-0.2500,0.9000,0.9000
6.1500,-0.2000,0.8732,0.8732
6.1000,-0.2000,0.8860,0.8860
6.0500,-0.2000,0.9014,0.9014
6.0000,-0.2000,0.9192,0.9192
5.9500,-0.2000,0.9394,0.9394
5.9000,-0.2000,0.9500,0.9500
5.8500,-0.2000,0.9394,0.9394
5.8000,-0.2000,0.9192,0.9192
5.7500,-0.2000,0.9014,0.9014
5.7000,-0.2000,0.8860,0.8860
5.6500,-0.2000,0.8732,0.8732
5.6000,-0.2000,0.8631,0.8631
5.5500,-0.2000,0.8559,0.8559
5.5000,-0.1500,0.9000,0.9000
5.4500,-0.1500,0.9000,0.9000
5.4000,-0.1500,0.9000,0.9000
5.3500,-0.1000,0.8500,0.8500
5.3000,-0.1000,0.8500,0.8500
5.2500,-0.1000,0.8500,0.8500
5.2000,-0.1000,0.8500,0.8500
5.1500,-0.1000,0.8500,0.8500
5.1000,-0.1000,0.8500,0.8500
5.0500,-0.1000,0.8500,0.8500
5.0000,-0.1000,0.8500,0.8500
4.9500,-0.1000,0.8500,0.8500
4.9000,-0.1000,0.8500,0.8500
4.8500,-0.1000,0.8500,0.8500
4.8000,-0.1000,0.8500,0.8500
4.7500,-0.1000,0.8500,0.8500
4.7000,-0.1000,0.8515,0.8515
4.6500,-0.1000,0.8500,0.8500
4.6000,-0.1000,0.8500,0.8500
4.5500,-0.1000,0.8500,0.8500
4.5000,-0.1000,0.8500,0.8500
4.4500,-0.1000,0.8500,0.8500
4.4000,-0.1000,0.8500,0.8500
4.3500,-0.1000,0.8500,0.8500
4.3000,-0.1000,0.8500,0.8500
4.2500,-0.1000,0.8500,0.8500
4.2000,-0.1000,0.8500,0.8500
4.1500,-0.0500,0.9000,0.9000
4.1000,-0.0500,0.9000,0.9000
4.0500,-0.0500,0.9000,0.9000
4.0000,-0.0500,0.9000,0.9000
3.9500,0.0000,0.8500,0.8500
3.9000,0.0000,0.8500,0.8500
3.8500,0.0000,0.8500,0.8500
3.8000,0.0000,0.8500,0.8500
3.7500,0.0000,0.8500,0.8500
3.7000,0.0000,0.8500,0.8500
3.6500,0.0000,0.8500,0.8500
3.6000,0.0000,0.8500,0.8500
3.5500,0.0000,0.8500,0.8500
3.5000,0.0000,0.8500,0.8500
3.4500,0.0000,0.8500,0.8500
3.4000,0.0000,0.8500,0.8500
3.3500,0.0000,0.8500,0.8500
3.3000,0.0000,0.8500,0.8500
3.2500,0.0000,0.8500,0.8500
3.2000,0.0000,0.8500,0.8500
3.1500,0.0000,0.8500,0.8500
3.1000,0.0000,0.8500,0.8500
3.0500,0.0000,0.8500,0.8500
3.0000,0.0000,0.8500,0.8500
2.9500,0.0500,0.8944,0.8944
2.9000,0.0500,0.9000,0.9000
2.8500,0.0500,0.9000,0.9000
2.8000,0.0500,0.9000,0.9000
2.7500,0.0500,0.9000,0.9000
2.7000,0.0500,0.8944,0.8944
2.6500,0.0500,0.8732,0.8732
2.6000,0.0500,0.8544,0.8544
2.5500,0.1000,0.8500,0.8500
2.5000,0.1000,0.8500,0.8500
2.4500,0.1000,0.8500,0.8500
2.4000,0.1000,0.8500,0.8500
2.3500,0.1000,0.8500,0.8500
2.3000,0.1000,0.8500,0.8500
2.2500,0.1000,0.8500,0.8500
2.2000,0.1000,0.8500,0.8500
2.1500,0.1000,0.8500,0.8500
2.1000,0.1000,0.8500,0.8500
2.0500,0.1000,0.8500,0.8500
2.0000,0.1000,0.8500,0.8500
1.9500,0.1000,0.8500,0.8500
1.9000,0.1000,0.8500,0.8500
1.8500,0.1000,0.8500,0.8500
1.8000,0.1000,0.8500,0.8500
1.7500,0.1000,0.8500,0.8500
1.7000,0.1000,0.8500,0.8500
1.6500,0.1500,0.9000,0.9000
1.6000,0.1500,0.9000,0.9000
1.5500,0.1500,0.9000,0.9000
1.5000,0.1500,0.9000,0.9000
1.4500,0.1500,0.9000,0.9000
1.4000,0.1500,0.8944,0.8944
1.3500,0.2000,0.8515,0.8515
1.3000,0.2000,0.8559,0.8559
1.2500,0.2000,0.8631,0.8631
1.2000,0.2000,0.8732,0.8732
1.1500,0.2000,0.8631,0.8631
1.1000,0.2000,0.8559,0.8559
1.0500,0.2000,0.8515,0.8515
1.0000,0.2000,0.8500,0.8500
0.9500,0.2000,0.8500,0.8500
0.9000,0.2000,0.8500,0.8500
0.8500,0.2000,0.8500,0.8500
0.8000,0.2000,0.8500,0.8500
0.7500,0.2000,0.8500,0.8500
0.7000,0.2000,0.8500,0.8500
0.6500,0.2000,0.8500,0.8500
0.6000,0.2500,0.9000,0.9000
0.5500,0.2500,0.9000,0.9000
0.5000,0.2500,0.9000,0.9000
0.4500,0.3000,0.9500,0.9500
0.4000,0.3000,0.9500,0.9500
0.3500,0.3000,0.9500,0.9500
0.3000,0.3000,0.9500,0.9500
0.2500,0.3000,0.9500,0.9500
0.2000,0.3000,0.9500,0.9500
0.1500,0.3000,0.9394,0.9394
0.1000,0.3000,0.9192,0.9192
0.0500,0.3500,0.9487,0.9487
0.0000,0.3500,0.9341,0.9341
-0.0500,0.3500,0.9220,0.9220
-0.1000,0.3500,0.9124,0.9124
-0.1500,0.4000,0.9552,0.9552
-0.2000,0.4000,0.9513,0.9513
-0.2500,0.4500,1.0000,1.0000
-0.3000,0.4500,1.0000,1.0000
-0.3500,0.5000,1.0500,1.0500
-0.4000,0.5000,1.0500,1.0500
-0.4500,0.5500,1.1000,1.1000
-0.5000,0.5500,1.1000,1.1000
-0.5500,0.5500,1.1000,1.1000
-0.6000,0.5500,1.0966,1.0966
-0.6500,0.6000,1.1236,1.1236
-0.7000,0.6000,1.1068,1.1068
-0.7500,0.6500,1.1402,1.1402
-0.8000,0.7000,1.1769,1.1769
-0.8500,0.7000,1.1673,1.1673
-0.9000,0.6500,1.1102,1.1102
-0.9500,0.6500,1.1045,1.1045
-1.0000,0.6500,1.1011,1.1011
-1.0500,0.6500,1.1000,1.1000
-1.1000,0.6500,1.1000,1.1000
-1.1500,0.6500,1.1000,1.1000
-1.2000,0.7000,1.1500,1.1500
-1.2500,0.7000,1.1500,1.1500
-1.3000,0.7000,1.1500,1.1500
-1.3500,0.7000,1.1500,1.1500
-1.4000,0.7000,1.1500,1.1500
-1.4500,0.7000,1.1500,1.1500
-1.5000,0.7000,1.1424,1.1424
-1.5500,0.7000,1.1236,1.1236
-1.6000,0.7000,1.1068,1.1068
-1.6500,0.7000,1.0920,1.0920
-1.7000,0.7000,1.0794,1.0794
-1.7500,0.7000,1.0689,1.0689
-1.8000,0.7000,1.0607,1.0607
-1.8500,0.7000,1.0548,1.0548
-1.9000,0.7000,1.0512,1.0512
-1.9500,0.7000,1.0500,1.0500
-2.0000,0.7000,1.0500,1.0500
-2.0500,0.7000,1.0500,1.0500
-2.1000,0.7000,1.0500,1.0500
-2.1500,0.7000,1.0500,1.0500
-2.2000,0.7000,1.0500,1.0500
-2.2500,0.7000,1.0500,1.0500
-2.3000,0.7000,1.0440,1.0440
-2.3500,0.7000,1.0308,1.0308
-2.4000,0.7500,1.0000,1.0000
-2.4500,0.7500,1.0000,1.0000
-2.5000,0.7500,1.0000,1.0000
-2.5500,0.7500,1.0000,1.0000
-2.6000,0.7500,1.0000,1.0000
-2.6500,0.7500,1.0000,1.0000
-2.7000,0.7500,1.0000,1.0000
-2.7500,0.7500,1.0000,1.0000
-2.8000,0.7500,1.0000,1.0000
-2.8500,0.7500,1.0000,1.0000
-2.9000,0.7500,1.0000,1.0000
-2.9500,0.7500,1.0000,1.0000
-3.0000,0.7500,1.0000,1.0000
-3.0500,0.7500,1.0000,1.0000
-3.1000,0.7500,1.0000,1.0000
-3.1500,0.7500,1.0000,1.0000
-3.2000,0.7500,1.0000,1.0000
-3.2500,0.7500,0.9962,0.9962
-3.3000,0.7500,0.9823,0.9823
-3.3500,0.7500,0.9708,0.9708
-3.4000,0.7500,0.9618,0.9618
-3.4500,0.7500,0.9552,0.9552
-3.5000,0.7500,0.9513,0.9513
-3.5500,0.7500,0.9500,0.9500
-3.6000,0.7500,0.9513,0.9513
-3.6500,0.7500,0.9500,0.9500
-3.7000,0.7500,0.9513,0.9513
-3.7500,0.7500,0.9500,0.9500
-3.8000,0.7500,0.9513,0.9513
-3.8500,0.7500,0.9500,0.9500
-3.9000,0.7500,0.9500,0.9500
-3.9500,0.8000,1.0000,1.0000
-4.0000,0.8000,1.0000,1.0000
-4.0500,0.8000,1.0000,1.0000
-4.1000,0.8000,1.0000,1.0000
-4.1500,0.8000,1.0000,1.0000
-4.2000,0.8000,1.0000,1.0000
-4.2500,0.8000,1.0000,1.0000
-4.3000,0.8000,1.0000,1.0000
-4.3500,0.8500,1.0500,1.0500
-4.4000,0.8500,1.0500,1.0500
-4.4500,0.8500,1.0308,1.0308
-4.5000,0.8500,1.0124,1.0124
-4.5500,0.8500,0.9962,0.9962
-4.6000,0.8500,0.9823,0.9823
-4.6500,0.8500,0.9708,0.9708
-4.7000,0.8500,0.9618,0.9618
-4.7500,0.8500,0.9552,0.9552
-4.8000,0.9000,1.0012,1.0012
-4.8500,0.9000,1.0000,1.0000
-4.9000,0.9000,1.0000,1.0000
-4.9500,0.9000,1.0000,1.0000
-5.0000,0.9000,1.0000,1.0000
-5.0500,0.9000,1.0000,1.0000
-5.1000,0.9000,1.0000,1.0000
-5.1500,0.9000,1.0000,1.0000
-5.2000,0.9500,1.0500,1.0500
-5.2500,0.9500,1.0500,1.0500
-5.3000,1.0000,1.0920,1.0920
-5.3500,1.0000,1.0794,1.0794
-5.4000,1.0000,1.0689,1.0689
-5.4500,1.0000,1.0607,1.0607
-5.5000,1.0000,1.0548,1.0548
-5.5500,1.0000,1.0512,1.0512
-5.6000,1.0000,1.0500,1.0500
-5.6500,1.0000,1.0500,1.0500
-5.7000,1.0000,1.0500,1.0500
-5.7500,1.0000,1.0500,1.0500
-5.8000,1.0000,1.0500,1.0500
-5.8500,1.0000,1.0440,1.0440
-5.9000,1.0000,1.0308,1.0308
-5.9500,1.0000,1.0198,1.0198
-6.0000,1.0000,1.0112,1.0112
-6.0500,1.0000,1.0050,1.0050
-6.1000,1.0000,1.0012,1.0012
-6.1500,1.0000,1.0000,1.0000
-6.2000,1.0000,1.0000,1.0000
-6.2500,1.0500,1.0000,1.0000
-6.3000,1.0500,1.0000,1.0000
-6.3500,1.0500,1.0000,1.0000
-6.4000,1.0500,1.0000,1.0000
-6.4500,1.0500,1.0000,1.0000
-6.5000,1.0500,1.0000,1.0000
-6.5500,1.0500,1.0000,1.0000
-6.6000,1.0500,1.0000,1.0000
-6.6500,1.0500,1.0000,1.0000
-6.7000,1.0500,1.0000,1.0000
-6.7500,1.0500,1.0000,1.0000
-6.8000,1.0500,1.0000,1.0000
-6.8500,1.0500,1.0000,1.0000
-6.9000,1.0500,0.9962,0.9962
-6.9500,1.0500,0.9823,0.9823
-7.0000,1.0500,0.9708,0.9708
-7.0500,1.0500,0.9618,0.9618
-7.1000,1.0500,0.9552,0.9552
-7.1500,1.0500,0.9513,0.9513
-7.2000,1.1000,0.9513,0.9513
-7.2500,1.1000,0.9500,0.9500
-7.3000,1.1000,0.9500,0.9500
-7.3500,1.1000,0.9500,0.9500
-7.4000,1.1000,0.9500,0.9500
-7.4500,1.1000,0.9500,0.9500
-7.5000,1.1000,0.9500,0.9500
-7.5500,1.1000,0.9500,0.9500
-7.6000,1.1000,0.9513,0.9513
-7.6500,1.1000,0.9552,0.9552
-7.7000,1.1000,0.9618,0.9618
-7.7500,1.1000,0.9657,0.9657
-7.8000,1.1000,0.9487,0.9487
-7.8500,1.1000,0.9341,0.9341
-7.9000,1.1000,0.9220,0.9220
-7.9500,1.1500,0.9618,0.9618
-8.0000,1.1500,0.9552,0.9552
-8.0500,1.1500,0.9513,0.9513
-8.1000,1.1500,0.9500,0.9500
-8.1500,1.1500,0.9500,0.9500
-8.2000,1.1500,0.9500,0.9500
-8.2500,1.1500,0.9500,0.9500
-8.3000,1.1500,0.9500,0.9500
-8.3500,1.1500,0.9500,0.9500
-8.4000,1.2000,0.9708,0.9708
-8.4500,1.2000,0.9823,0.9823
-8.5000,1.2000,0.9708,0.9708
-8.5500,1.2500,0.9657,0.9657
-8.6000,1.2500,0.9849,0.9849
-8.6500,1.2500,1.0012,1.0012
-8.7000,1.2500,1.0000,1.0000
-8.7500,1.2500,1.0012,1.0012
-8.8000,1.2500,1.0012,1.0012
-8.8500,1.2500,1.0000,1.0000
-8.9000,1.2500,0.9849,0.9849
-8.9500,1.2500,0.9657,0.9657
-9.0000,1.2500,0.9487,0.9487
-9.0500,1.2500,0.9341,0.9341
-9.1000,1.3000,0.9708,0.9708
-9.1000,1.3500,1.0198,1.0198
-9.1500,1.4000,1.0000,1.0000
-9.2000,1.4500,0.9500,0.9500
-9.2500,1.5000,0.9000,0.9000
-9.2500,1.5500,0.9000,0.9000
-9.3000,1.6000,0.8500,0.8500
-9.3500,1.6500,0.8000,0.8000
-9.3500,1.7000,0.8000,0.8000
-9.3500,1.7500,0.8016,0.8016
-9.3500,1.8000,0.8062,0.8062
-9.4000,1.8500,0.7649,0.7649
-9.4000,1.9000,0.7762,0.7762
-9.4000,1.9500,0.7906,0.7906
-9.4000,2.0000,0.8078,0.8078
-9.4000,2.0500,0.8276,0.8276
-9.4500,2.1000,0.8062,0.8062
-9.4500,2.1500,0.8322,0.8322
-9.4500,2.2000,0.8602,0.8602
-9.4500,2.2500,0.8500,0.8500
-9.5000,2.3000,0.8732,0.8732
-9.5500,2.3500,0.8500,0.8500
-9.6000,2.4000,0.8062,0.8062
-9.6500,2.4000,0.8139,0.8139
-9.7000,2.4000,0.8246,0.8246
-9.7500,2.4500,0.7906,0.7906
-9.8000,2.5000,0.7616,0.7616
-9.8500,2.5000,0.7826,0.7826
-9.9000,2.5500,0.7632,0.7632
-9.9500,2.5500,0.7906,0.7906
-10.0000,2.6000,0.7810,0.7810
-10.0500,2.6000,0.7810,0.7810
-10.1000,2.6500,0.7906,0.7906
-10.1500,2.6500,0.7632,0.7632
-10.2000,2.6500,0.7382,0.7382
-10.2500,2.7000,0.7616,0.7616
-10.3000,2.7500,0.7906,0.7906
-10.3500,2.8000,0.8246,0.8246
-10.4000,2.8500,0.8631,0.8631
-10.4500,2.9000,0.9055,0.9055
-10.5000,2.9000,0.8944,0.8944
-10.5500,2.9500,0.9192,0.9192
-10.5500,3.0000,0.9618,0.9618
-10.6000,3.0500,0.9055,0.9055
-10.6000,3.1000,0.9014,0.9014
-10.6000,3.1500,0.9000,0.9000
-10.6500,3.2000,0.8500,0.8500
-10.6500,3.2500,0.8500,0.8500
-10.6500,3.3000,0.8500,0.8500
-10.6500,3.3500,0.8500,0.8500
-10.6500,3.4000,0.8500,0.8500
-10.6500,3.4500,0.8500,0.8500
-10.6500,3.5000,0.8500,0.8500
-10.6500,3.5500,0.8500,0.8500
-10.6500,3.6000,0.8500,0.8500
-10.6500,3.6500,0.8500,0.8500
-10.6500,3.7000,0.8500,0.8500
-10.6500,3.7500,0.8500,0.8500
-10.6500,3.8000,0.8500,0.8500
-10.6500,3.8500,0.8500,0.8500
-10.6500,3.9000,0.8500,0.8500
-10.6500,3.9500,0.8500,0.8500
-10.6500,4.0000,0.8500,0.8500
-10.6500,4.0500,0.8500,0.8500
-10.6500,4.1000,0.8500,0.8500
-10.6500,4.1500,0.8500,0.8500
-10.6500,4.2000,0.8500,0.8500
-10.6500,4.2500,0.8500,0.8500
-10.6500,4.3000,0.8500,0.8500
-10.6500,4.3500,0.8500,0.8500
-10.6000,4.4000,0.9000,0.9000
-10.6000,4.4500,0.9000,0.9000
-10.5500,4.5000,0.9500,0.9500
-10.5500,4.5500,0.9500,0.9500
-10.5500,4.6000,0.9500,0.9500
-10.5500,4.6500,0.9434,0.9434
-10.5500,4.7000,0.9179,0.9179
-10.5000,4.7500,0.9341,0.9341
-10.5000,4.8000,0.9192,0.9192
-10.5000,4.8500,0.9014,0.9014
-10.5000,4.9000,0.8860,0.8860
-10.5000,4.9500,0.8732,0.8732
-10.5000,5.0000,0.8631,0.8631
-10.5000,5.0500,0.8559,0.8559
-10.4500,5.1000,0.9014,0.9014
-10.4500,5.1500,0.9000,0.9000
-10.4500,5.2000,0.9000,0.9000
-10.4000,5.2500,0.9500,0.9500
-10.3500,5.3000,1.0000,1.0000
-10.3500,5.3500,1.0000,1.0000
-10.3000,5.4000,0.9708,0.9708
-10.2500,5.4500,0.9341,0.9341
-10.2000,5.4500,0.9487,0.9487
-10.1500,5.5000,0.9192,0.9192
-10.1000,5.5000,0.9394,0.9394
-10.0500,5.5000,0.9500,0.9500
-10.0000,5.5000,0.9500,0.9500
-9.9500,5.5000,0.9394,0.9394
-9.9000,5.5000,0.9179,0.9179
-9.8500,5.5000,0.8944,0.8944
-9.8000,5.5000,0.8732,0.8732
-9.7500,5.5000,0.8544,0.8544
-9.7000,5.5000,0.8382,0.8382
-9.6500,5.5000,0.8246,0.8246
