x,y
42,138
43,138
44,138
45,138
46,138
47,138
48,138
49,138
50,138
51,138
52,138
53,138
54,138
55,138
56,138
57,138
58,138
59,138
60,138
61,138
62,138
63,137
64,137
65,137
66,137
67,137
68,136
69,136
70,136
71,136
72,136
73,136
74,136
75,136
76,136
77,136
78,136
79,135
80,135
81,135
82,135
83,135
84,134
85,133
86,133
87,132
88,132
89,131
90,131
91,130
92,130
93,129
94,128
95,128
96,127
97,127
98,126
99,126
100,125
100,124
101,123
102,122
103,122
104,121
105,120
106,120
107,120
108,119
109,118
110,117
111,117
112,116
113,115
114,114
115,113
116,113
117,112
118,112
119,111
120,110
121,109
122,109
123,108
124,108
125,108
126,108
127,107
128,106
129,105
130,105
131,104
132,103
133,103
134,103
135,102
136,102
137,102
138,101
139,101
140,101
141,100
142,100
143,99
144,99
145,98
146,98
147,98
148,97
149,97
150,97
151,96
152,96
153,96
154,96
155,95
156,95
157,95
158,95
159,94
160,94
161,94
162,94
163,94
164,94
165,94
166,94
167,94
168,93
169,93
170,93
171,93
172,93
173,93
174,93
175,93
176,93
177,92
178,92
179,92
180,93
181,93
182,93
183,94
184,94
185,94
186,94
187,94
188,94
189,94
190,95
191,95
192,95
193,96
194,96
195,97
196,97
197,97
198,98
199,98
200,98
201,99
202,99
203,100
204,100
205,101
206,101
207,102
208,102
209,102
210,103
211,104
212,105
213,106
214,106
215,107
216,107
217,107
218,108
219,109
220,109
221,110
222,111
223,112
224,112
225,112
226,113
227,113
228,114
229,114
230,114
231,115
232,115
233,115
234,115
235,115
236,115
237,116
238,116
239,116
240,116
241,117
242,117
243,117
244,117
245,118
246,118
247,118
248,118
249,119
250,119
251,119
252,119
253,119
254,119
255,119
256,119
257,119
258,119
259,119
260,119
261,118
262,118
263,118
264,117
265,117
266,117
267,117
268,117
269,116
270,115
271,114
271,113
271,112
271,111
271,110
271,109
271,108
271,107
271,106
271,105
271,104
271,103
271,102
271,101
271,100
271,99
271,98
271,97
271,96
271,95
271,94
271,93
271,92
271,91
271,90
271,89
272,88
272,87
272,86
272,85
273,84
273,83
274,82
275,81
276,80
277,80
278,80
279,80
280,79
281,79
282,78
283,78
284,77
285,77
286,77
287,77
288,77
289,77
290,77
291,77
292,77
293,77
294,77
295,77
296,77
297,77
298,77
299,77
300,77
301,77
302,77
303,76
304,76
305,77
306,78
307,78
308,78
309,79
310,80
311,80
312,80
313,81
314,81
315,81
316,81
317,82
318,82
319,82
320,82
321,82
322,83
323,83
324,84
325,85
326,85
327,85
328,86
329,86
330,86
331,87
332,87
333,87
334,88
335,88
336,88
337,89
338,89
339,90
340,90
341,90
342,91
343,91
344,91
345,91
346,92
347,92
348,93
349,93
350,93
351,94
352,94
353,95
354,96
355,96
356,96
357,96
358,97
359,97
360,98
361,98
362,98
363,98
364,98
365,98
366,98
367,99
368,99
369,100
370,100
371,100
372,101
373,101
374,101
375,101
376,101
377,101
378,102
379,102
380,102
381,102
382,103
383,103
384,103
385,103
386,103
387,103
388,103
389,103
390,103
391,104
392,104
393,104
394,104
395,105
396,105
397,105
398,105
399,105
400,105
401,105
402,105
403,105
404,105
405,104
406,104
407,103
408,103
409,102
409,101
409,100
409,99
409,98
409,97
409,96
409,95
409,94
409,93
410,92
410,91
410,90
410,89
410,88
410,87
410,86
410,85
409,84
409,83
408,82
408,81
408,80
408,79
408,78
408,77
408,76
408,75
408,74
408,73
408,72
408,71
408,70
408,69
408,68
408,67
408,66
408,65
408,64
408,63
408,62
408,61
408,60
408,59
408,58
408,57
408,56
408,55
408,54
408,53
408,52
408,51
407,50
407,49
407,48
407,47
407,46
407,45
406,44
406,43
405,42
405,41
405,40
405,39
405,38
405,37
405,36
405,35
404,34
404,33
404,32
404,31
403,30
403,29
402,28
402,27
401,26
400,25
399,24
398,24
397,24
396,24
395,24
394,23
393,23
392,23
391,23
390,23
389,24
388,24
387,24
386,24
385,24
384,24
383,24
382,24
381,24
380,24
379,24
378,24
377,24
376,24
375,24
374,24
373,24
372,24
371,24
370,24
369,24
368,24
367,24
366,24
365,24
364,24
363,24
362,24
361,24
360,24
359,24
358,24
357,25
356,25
355,25
354,25
353,25
352,25
351,25
350,25
349,25
348,25
347,25
346,25
345,25
344,26
343,26
342,26
341,27
340,27
339,27
338,27
337,27
336,27
335,27
334,27
333,27
332,27
331,27
330,27
329,27
328,27
327,27
326,27
325,27
324,27
323,27
322,27
321,27
320,27
319,27
318,27
317,28
316,28
315,28
314,28
313,29
312,29
311,29
310,29
309,29
308,29
307,29
306,29
305,29
304,29
303,29
302,29
301,29
300,29
299,29
298,29
297,29
296,29
295,29
294,29
293,30
292,30
291,30
290,30
289,30
288,30
287,30
286,30
285,31
284,31
283,31
282,31
281,31
280,31
279,31
278,31
277,31
276,31
275,31
274,31
273,31
272,31
271,31
270,31
269,31
268,31
267,32
266,32
265,32
264,32
263,32
262,32
261,33
260,33
259,33
258,33
257,33
256,33
255,33
254,33
253,33
252,33
251,33
250,33
249,33
248,33
247,33
246,34
245,34
244,34
243,35
242,35
241,35
240,35
239,35
238,35
237,35
236,35
235,36
234,36
233,36
232,36
231,37
230,37
229,38
228,38
227,39
226,39
225,40
224,40
223,40
222,40
221,41
220,41
219,42
218,43
217,43
216,42
215,42
214,42
213,42
212,42
211,42
210,43
209,43
208,43
207,43
206,43
205,43
204,43
203,43
202,43
201,43
200,43
199,43
198,43
197,43
196,43
195,43
194,43
193,43
192,43
191,43
190,43
189,43
188,43
187,43
186,44
185,44
184,44
183,44
182,44
181,44
180,44
179,44
178,44
177,44
176,44
175,44
174,44
173,44
172,44
171,44
170,44
169,44
168,44
167,44
166,44
165,44
164,44
163,44
162,44
161,44
160,44
159,44
158,44
157,44
156,44
155,45
154,45
153,45
152,45
151,45
150,45
149,45
148,45
147,46
146,46
145,46
144,46
143,46
142,46
141,46
140,46
139,46
138,47
137,47
136,47
135,47
134,47
133,47
132,47
131,47
130,48
129,48
128,49
127,49
126,49
125,49
124,49
123,49
122,49
121,49
120,49
119,49
118,49
117,49
116,49
115,49
114,49
113,49
112,49
111,49
110,49
109,50
108,50
107,50
106,50
105,50
104,50
103,50
102,50
101,50
100,50
99,50
98,50
97,50
96,50
95,50
94,50
93,50
92,50
91,50
90,51
89,51
88,51
87,51
86,51
85,51
84,51
83,51
82,51
81,51
80,51
79,51
78,51
77,51
76,51
75,52
74,52
73,52
72,52
71,52
70,52
69,52
68,52
67,52
66,53
65,53
64,53
63,54
62,54
61,54
60,54
59,54
58,54
57,54
56,54
55,54
54,54
53,54
52,55
52,56
51,57
50,58
49,59
49,60
48,61
47,62
47,63
47,64
47,65
46,66
46,67
46,68
46,69
46,70
45,71
45,72
45,73
45,74
44,75
43,76
42,77
41,77
40,77
39,78
38,79
37,79
36,80
35,80
34,81
33,81
32,82
31,82
30,82
29,83
28,84
27,85
26,86
25,87
24,87
23,88
23,89
22,90
22,91
22,92
21,93
21,94
21,95
21,96
21,97
21,98
21,99
21,100
21,101
21,102
21,103
21,104
21,105
21,106
21,107
21,108
21,109
21,110
21,111
21,112
21,113
21,114
21,115
21,116
22,117
22,118
23,119
23,120
23,121
23,122
23,123
24,124
24,125
24,126
24,127
24,128
24,129
24,130
25,131
25,132
25,133
26,134
27,135
27,136
28,137
29,138
30,138
31,139
32,139
33,139
34,139
35,139
36,139
37,139
38,139
39,139
40,139
41,139
